{"stats":{"minecraft:dropped":{"minecraft:dirt":3,"minecraft:wheat_seeds":1,"minecraft:grass_block":1,"minecraft:dandelion":2},"minecraft:mined":{"minecraft:short_grass":7,"minecraft:tall_grass":1,"minecraft:dandelion":1},"minecraft:custom":{"minecraft:time_since_rest":26067,"minecraft:crouch_one_cm":941,"minecraft:sprint_one_cm":10046,"minecraft:play_time":26067,"minecraft:damage_taken":20,"minecraft:walk_one_cm":9050,"minecraft:sneak_time":528,"minecraft:drop":5,"minecraft:jump":115,"minecraft:leave_game":6,"minecraft:time_since_death":26067,"minecraft:total_world_time":26067,"minecraft:fall_one_cm":2003,"minecraft:fly_one_cm":39884},"minecraft:picked_up":{"minecraft:dandelion":2,"minecraft:wheat_seeds":1,"minecraft:dirt":3},"minecraft:used":{"minecraft:glass":254,"minecraft:water_bucket":1,"minecraft:command_block":5,"minecraft:flint_and_steel":1,"minecraft:tnt":2,"minecraft:grass_block":9,"minecraft:bucket":1}},"DataVersion":3955}