{"stats":{"minecraft:mined":{"minecraft:hay_block":9,"minecraft:dandelion":1,"minecraft:crafting_table":3,"minecraft:short_grass":8,"minecraft:grass_block":3,"minecraft:oak_log":6,"minecraft:dirt":5,"minecraft:tall_grass":1,"minecraft:stone":30},"minecraft:killed":{"minecraft:sheep":1,"minecraft:pig":1,"minecraft:iron_golem":1,"minecraft:cow":1},"minecraft:dropped":{"minecraft:dirt":3,"minecraft:wheat_seeds":1,"minecraft:grass_block":1,"minecraft:dandelion":2},"minecraft:crafted":{"minecraft:oak_planks":24,"minecraft:stone_shovel":1,"minecraft:crafting_table":1,"minecraft:stick":16,"minecraft:wooden_pickaxe":1,"minecraft:stone_pickaxe":1,"minecraft:stone_sword":1,"minecraft:bucket":1,"minecraft:stone_axe":1,"minecraft:bread":27,"minecraft:wheat":81},"minecraft:used":{"minecraft:glass":254,"minecraft:water_bucket":1,"minecraft:flint_and_steel":1,"minecraft:command_block":8,"minecraft:grass_block":9,"minecraft:bread":3,"minecraft:wooden_pickaxe":30,"minecraft:iron_sword":18,"minecraft:stone_axe":16,"minecraft:dirt":5,"minecraft:cobblestone":6,"minecraft:tnt":2,"minecraft:crafting_table":3,"minecraft:bucket":2},"minecraft:picked_up":{"minecraft:pink_petals":1,"minecraft:crafting_table":3,"minecraft:dandelion":2,"minecraft:porkchop":2,"minecraft:oak_log":6,"minecraft:dirt":11,"minecraft:wheat_seeds":1,"minecraft:hay_block":9,"minecraft:iron_ingot":4,"minecraft:beef":3,"minecraft:oak_sapling":1,"minecraft:mutton":2,"minecraft:white_wool":1,"minecraft:cobblestone":29},"minecraft:custom":{"minecraft:time_since_rest":1481,"minecraft:sprint_one_cm":40629,"minecraft:damage_taken":20,"minecraft:walk_one_cm":22309,"minecraft:mob_kills":4,"minecraft:drop":5,"minecraft:damage_dealt":1224,"minecraft:interact_with_crafting_table":4,"minecraft:fly_one_cm":70310,"minecraft:open_chest":4,"minecraft:crouch_one_cm":3230,"minecraft:play_time":41340,"minecraft:sneak_time":1990,"minecraft:jump":260,"minecraft:leave_game":8,"minecraft:time_since_death":41340,"minecraft:sleep_in_bed":1,"minecraft:total_world_time":41340,"minecraft:use_cauldron":1,"minecraft:fall_one_cm":4960}},"DataVersion":3955}