{"stats":{"minecraft:dropped":{"minecraft:dirt":3,"minecraft:wheat_seeds":1,"minecraft:grass_block":1,"minecraft:dandelion":2},"minecraft:mined":{"minecraft:short_grass":7,"minecraft:tall_grass":1,"minecraft:dandelion":1},"minecraft:custom":{"minecraft:time_since_rest":13106,"minecraft:crouch_one_cm":16,"minecraft:sprint_one_cm":8447,"minecraft:play_time":13106,"minecraft:damage_taken":20,"minecraft:walk_one_cm":6309,"minecraft:sneak_time":183,"minecraft:drop":5,"minecraft:jump":86,"minecraft:leave_game":5,"minecraft:time_since_death":13106,"minecraft:total_world_time":13106,"minecraft:fall_one_cm":2003,"minecraft:fly_one_cm":26095},"minecraft:picked_up":{"minecraft:dandelion":2,"minecraft:wheat_seeds":1,"minecraft:dirt":3},"minecraft:used":{"minecraft:flint_and_steel":1,"minecraft:tnt":2,"minecraft:grass_block":9}},"DataVersion":3955}