{"stats":{"minecraft:dropped":{"minecraft:dirt":3,"minecraft:wheat_seeds":1,"minecraft:grass_block":1,"minecraft:dandelion":2},"minecraft:picked_up":{"minecraft:pink_petals":1,"minecraft:crafting_table":5,"minecraft:torch":4,"minecraft:dandelion":2,"minecraft:gold_block":1,"minecraft:porkchop":3,"minecraft:oak_log":18,"minecraft:dirt":12,"minecraft:rotten_flesh":1,"minecraft:apple":2,"minecraft:wheat_seeds":2,"minecraft:hay_block":9,"minecraft:iron_ingot":4,"minecraft:beef":3,"minecraft:oak_sapling":4,"minecraft:mutton":4,"minecraft:coal":1,"minecraft:white_wool":2,"minecraft:cobblestone":29},"minecraft:custom":{"minecraft:time_since_rest":12151,"minecraft:interact_with_furnace":2,"minecraft:sprint_one_cm":96828,"minecraft:damage_taken":60,"minecraft:walk_one_cm":42918,"minecraft:mob_kills":7,"minecraft:drop":5,"minecraft:damage_dealt":1444,"minecraft:interact_with_crafting_table":6,"minecraft:talked_to_villager":1,"minecraft:fly_one_cm":172261,"minecraft:open_chest":14,"minecraft:crouch_one_cm":3230,"minecraft:play_time":58736,"minecraft:bell_ring":24,"minecraft:sneak_time":1990,"minecraft:walk_under_water_one_cm":670,"minecraft:jump":706,"minecraft:leave_game":11,"minecraft:walk_on_water_one_cm":1044,"minecraft:time_since_death":58736,"minecraft:sleep_in_bed":2,"minecraft:total_world_time":58736,"minecraft:fall_one_cm":14512,"minecraft:use_cauldron":1},"minecraft:killed":{"minecraft:sheep":2,"minecraft:zombie":1,"minecraft:pig":2,"minecraft:iron_golem":1,"minecraft:cow":1},"minecraft:mined":{"minecraft:hay_block":9,"minecraft:dandelion":1,"minecraft:crafting_table":5,"minecraft:gold_block":1,"minecraft:short_grass":10,"minecraft:coal_ore":1,"minecraft:grass_block":4,"minecraft:oak_log":18,"minecraft:dirt":5,"minecraft:tall_grass":1,"minecraft:stone":30},"minecraft:crafted":{"minecraft:oak_planks":72,"minecraft:stone_shovel":1,"minecraft:crafting_table":1,"minecraft:stick":16,"minecraft:wooden_pickaxe":1,"minecraft:iron_pickaxe":1,"minecraft:stone_pickaxe":1,"minecraft:stone_sword":1,"minecraft:chest":2,"minecraft:gold_ingot":9,"minecraft:bucket":1,"minecraft:stone_axe":1,"minecraft:bread":27,"minecraft:wheat":81},"minecraft:used":{"minecraft:glass":254,"minecraft:water_bucket":5,"minecraft:flint_and_steel":1,"minecraft:command_block":8,"minecraft:grass_block":9,"minecraft:bread":6,"minecraft:stone_shovel":1,"minecraft:iron_pickaxe":2,"minecraft:chest":2,"minecraft:wooden_pickaxe":30,"minecraft:iron_sword":24,"minecraft:stone_axe":30,"minecraft:dirt":5,"minecraft:cobblestone":9,"minecraft:crafting_table":5,"minecraft:tnt":2,"minecraft:bucket":6}},"DataVersion":3955}