{"stats":{"minecraft:custom":{"minecraft:jump":30,"minecraft:time_since_rest":1424,"minecraft:leave_game":1,"minecraft:sprint_one_cm":1485,"minecraft:play_time":1424,"minecraft:time_since_death":1424,"minecraft:walk_one_cm":1579,"minecraft:total_world_time":1424,"minecraft:drop":1,"minecraft:fall_one_cm":267,"minecraft:fly_one_cm":3635},"minecraft:dropped":{"minecraft:wheat_seeds":1},"minecraft:picked_up":{"minecraft:wheat_seeds":2},"minecraft:mined":{"minecraft:short_grass":5}},"DataVersion":3955}